,revenue_chg,cor_chg,opex_chg,ppnenet_chg,receivables_chg,payables_chg,inventory_chg
revenue_chg,1.0,0.883593875407555,0.4979454312872698,0.10698737149645393,0.10572831150539813,-0.3933132645457629,-0.6980574057810112
cor_chg,0.883593875407555,1.0,0.7638910503229971,0.41066009374435,0.34758452776805804,0.010624052154722922,-0.47578141373889815
opex_chg,0.4979454312872698,0.7638910503229971,1.0,0.6129990569903648,0.6126222664347313,0.35057273426963975,-0.14134331403689182
ppnenet_chg,0.10698737149645393,0.41066009374435,0.6129990569903648,1.0,0.3279063092001343,0.34528415335919205,0.3665188069085093
receivables_chg,0.10572831150539813,0.34758452776805804,0.6126222664347313,0.3279063092001343,1.0,0.6888754059325078,0.13319106963456517
payables_chg,-0.3933132645457629,0.010624052154722922,0.35057273426963975,0.34528415335919205,0.6888754059325078,1.0,0.5481070957295983
inventory_chg,-0.6980574057810112,-0.47578141373889815,-0.14134331403689182,0.3665188069085093,0.13319106963456517,0.5481070957295983,1.0
